narrative,consistency,enjoy,response,sense,all_average
0,2.5,2.8,3.8,2.5,2.9
1,2.875,3.25,3.375,3.125,3.15625
2,2.4,2.7,3.0,2.6,2.675
3,2.8333333333333335,2.9166666666666665,3.8333333333333335,2.6666666666666665,3.0625
4,1.6363636363636365,2.1818181818181817,2.909090909090909,1.8181818181818181,2.1363636363636362
